word,frequency
president,325
people,260
one,225
every,217
know,210
would,198
obama,198
republican,197
country,178
washington,176
say,175
us,170
leadership,164
american,162
america,156
said,149
don't,144
want,141
tell,138
government,134
time,132
millions,130
democrats,124
first,124
it's,118
today,117
stand,116
right,114
deal,114
fight,111
states,107
get,107
world,105
state,103
iran,102
like,100
years,99
united,97
back,97
federal,95
americans,94
planned,94
day,93
imagine,93
need,92
come,92
administration,89
parenthood,89
second,89
going,88
nuclear,87
vote,86
go,85
islamic,84
instead,84
i'm,84
men,84
way,83
let,83
women,81
law,80
we're,79
across,78
liberty,78
senate,77
think,76
nation,76
stop,75
little,74
votes,74
two,73
many,73
got,72
thing,72
reagan,72
see,71
that's,71
together,70
well,70
obamacare,69
radical,68
republicans,68
candidate,68
amendment,68
ago,67
god,66
life,66
home,66
much,66
says,65
never,65
new,64
look,64
ask,63
court,62
rights,62
house,61
dollars,61
department,61
justice,61
keep,60
make,60
give,60
question,59
thank,59
could,58
yet,58
barack,58
coming,57
three,56
done,56
standing,55
national,55
great,54
defend,54
take,53
next,53
security,53
actually,53
side,52
single,52
business,52
support,52
even,51
democratic,51
party,51
came,51
gonna,50
simple,50
believe,50
children,50
tax,49
campaign,49
congress,48
elected,48
word,48
nothing,48
made,48
year,47
terrorists,47
ever,46
debate,46
also,45
last,45
promise,45
threat,45
media,44
didn't,44
they're,44
win,44
days,44
conservatives,43
constitution,43
leader,42
terrorism,42
number,42
economic,42
supreme,41
office,41
finally,41
israel,41
week,41
iranian,41
may,41
we've,41
things,40
iowa,40
follow,40
talk,40
times,40
you're,39
marriage,39
another,39
election,39
religious,39
videos,39
doesn't,39
listen,39
power,38
cannot,38
fighting,38
conservative,38
pass,38
criminal,38
can't,37
understand,37
i'll,37
pastor,36
bill,36
reason,36
good,36
stood,36
seen,36
attack,36
willing,36
went,35
stage,35
freedom,35
hundred,35
show,35
something,35
growth,35
put,35
told,35
amnesty,35
really,35
small,35
everyone,35
means,35
saying,35
job,34
weapons,34
funding,34
ayatollah,34
real,34
incredible,34
hillary,34
100,34
wanna,33
fund,33
seven,33
legislation,33
body,33
fact,33
kids,32
comes,32
four,32
constitutional,32
months,32
dad,32
intend,32
around,32
lot,31
irs,31
work,31
opportunity,31
lives,31
couple,31
clear,31
lead,31
end,31
there's,31
face,31
billion,31
health,30
citizens,30
young,30
money,30
problem,30
military,30
candidates,30
night,30
speak,30
policy,30
history,30
getting,30
voted,30
million,30
ronald,29
asked,29
call,29
mr,29
rose,29
battle,29
father,29
leaders,29
let's,29
chief,29
speaker,29
anything,29
bad,29
reform,28
political,28
harry,28
case,28
senator,28
old,28
war,28
use,28
repeal,28
still,28
democrat,27
point,27
catastrophic,27
general,27
clinton,27
turn,27
goes,27
faith,27
terrorist,27
he's,27
executive,27
reid,27
lobbyists,27
priorities,26
place,26
love,26
texas,26
five,26
morning,26
obama's,26
important,26
change,26
school,26
man,26
boehner,26
whole,26
isis,25
grow,25
took,25
politicians,25
family,25
arms,25
watch,25
leading,25
speech,25
simply,25
different,25
entire,25
future,25
mom,25
murder,24
principles,24
jobs,24
care,24
friend,24
foreign,24
called,24
part,24
bear,24
forward,24
away,24
hope,24
i've,24
given,24
cruz,23
voters,23
big,23
parts,23
lost,23
always,23
working,23
plan,23
weeks,23
led,23
67,22
2013,22
murdered,22
prison,22
third,22
must,22
funds,22
unborn,22
find,22
fundamental,22
happened,22
proud,22
free,22
makes,21
whatever,21
secure,21
folks,21
billions,21
corporate,21
open,21
eight,21
bring,21
senators,21
won,21
majority,21
exactly,21
continue,21
greatest,21
including,21
poor,21
someone,21
trying,21
rather,20
words,20
protect,20
you've,20
run,20
organization,20
live,20
move,20
pretty,20
presidential,20
welfare,20
000,20
choosing,20
girls,19
2017,19
borders,19
parents,19
john,19
what's,19
without,19
immigration,19
death,19
mcconnell,19
cartel,19
nine,19
standard,19
illegal,19
truth,19
defending,19
die,19
values,19
past,19
everything,19
flat,19
taxpayer,19
might,19
sisters,19
half,18
dream,18
best,18
passed,18
percent,18
promises,18
revolution,18
defeat,18
ted,18
ten,18
talked,18
businesses,18
try,18
cold,18
news,18
university,18
winning,18
hampshire,18
taxes,18
matter,18
priority,18
process,18
waking,18
saw,18
crisis,18
powerful,18
won't,18
better,18
anyone,18
happening,17
decision,17
others,17
street,17
establishment,17
kind,17
pay,17
white,17
seeing,17
team,17
insurance,17
growing,17
america's,17
name,17
burned,17
instruct,17
idea,17
mister,17
six,17
failed,17
else,17
force,17
ground,17
remember,17
safe,17
boy,17
lose,17
khamenei,17
issue,16
spent,16
friends,16
yes,16
quite,16
town,16
christian,16
happens,16
left,16
enemy,16
living,16
directly,16
city,16
fire,16
floor,16
hear,16
january,16
game,16
absolutely,16
energy,16
assault,16
story,16
land,16
moment,16
hold,16
interests,16
private,16
honor,16
heart,16
shut,16
record,16
iraq,16
hours,16
matters,16
phone,16
book,16
month,16
raised,16
choice,15
video,15
spend,15
strong,15
stagnation,15
10,15
control,15
al,15
dangerous,15
indeed,15
begin,15
jail,15
hostages,15
join,15
start,15
long,15
ally,15
education,15
making,15
share,15
wall,15
nineteen,15
far,15
coalition,15
unconstitutional,15
personal,15
human,15
hard,15
debt,15
selling,15
gave,15
enough,15
woman,15
wanted,15
san,15
loans,15
since,15
partisan,15
allies,14
mother,14
bless,14
sense,14
giving,14
surrender,14
principled,14
houses,14
room,14
gotta,14
front,14
nations,14
cuba,14
term,14
syria,14
thousand,14
tells,14
voting,14
scripture,14
middle,14
high,14
difference,14
reality,14
bernardino,14
stories,14
laws,14
set,14
stands,14
christians,14
able,14
sure,14
heard,14
commander,14
system,14
saeed,14
motion,14
stakes,14
send,14
fifty,14
person,14
hand,14
either,14
worse,13
agree,13
2016,13
facing,13
almost,13
taken,13
church,13
strength,13
grandkids,13
schumer,13
wrong,13
bit,13
wonderful,13
became,13
kill,13
path,13
spending,13
hands,13
career,13
watching,13
policies,13
order,13
among,13
groups,13
kim,13
assad,13
higher,13
who's,13
member,13
numbers,13
rise,13
interest,13
thought,13
york,13
eyes,13
polls,13
east,13
easy,13
abortion,13
especially,13
wants,13
countries,13
sunday,13
note,13
felonies,13
notice,13
yesterday,13
tonight,13
behind,13
50,13
suggest,13
race,13
core,13
fear,13
brought,13
wonder,13
beyond,12
response,12
view,12
border,12
kirkpatrick,12
rebuild,12
common,12
grew,12
reporters,12
movement,12
questions,12
re,12
evil,12
taking,12
gets,12
gives,12
bankrupting,12
democracy,12
carter,12
sending,12
recent,12
prime,12
principle,12
maybe,12
issues,12
course,12
laughing,12
faced,12
son,12
florida,12
budget,12
abiding,12
destroy,12
org,12
representatives,12
fill,12
regulatory,12
members,12
service,12
attorney,12
known,12
almighty,12
top,12
ran,12
abolish,12
direct,12
horrific,11
pro,11
program,11
guns,11
ok,11
promised,11
running,11
encourage,11
significant,11
m,11
tea,11
thinking,11
supported,11
bernie,11
pen,11
lift,11
soldiers,11
september,11
agenda,11
undermine,11
repealing,11
welcome,11
sanctions,11
achieve,11
child,11
strategy,11
cronyism,11
announced,11
chunk,11
enemies,11
they've,11
ambassador,11
final,11
14,11
18,11
fought,11
become,11
lynch,11
used,11
commitments,11
agency,11
politics,11
donors,11
present,11
consequences,11
president's,11
disaster,11
committed,11
corruption,11
dirty,11
parties,11
press,11
responsibility,11
liberal,11
bipartisan,11
wasn't,11
minister,11
investigation,11
primary,11
capital,11
guys,11
wait,11
egypt,11
libya,11
putin,10
hill,10
line,10
chuck,10
despise,10
biggest,10
ll,10
bush,10
decided,10
resolution,10
consequence,10
shining,10
mentioned,10
veterans,10
courageous,10
within,10
current,10
changed,10
late,10
500,10
u,10
giant,10
pattern,10
level,10
enforcement,10
russia,10
sailors,10
somehow,10
talented,10
mind,10
laden,10
protecting,10
jesus,10
wrote,10
chosen,10
veto,10
celebrate,10
pray,10
moving,10
trail,10
stay,10
whether,10
field,10
caught,10
check,10
bin,10
risk,10
khomeini,10
multiple,10
uss,10
safety,10
gathering,10
needs,10
air,10
chance,10
commitment,10
acquiring,10
terror,10
nobody,10
cities,10
created,10
corrupt,10
position,10
elections,10
particular,10
attacking,10
syrian,10
gospel,10
ordinary,10
majorities,10
legal,10
violent,10
exact,10
loretta,10
fine,10
marines,10
table,10
regulators,10
talking,10
cut,10
prayer,10
decide,10
using,10
tree,10
fundamentally,10
ends,10
hamas,10
crews,10
dismissed,10
baghdad,9
crime,9
weapon,9
officials,9
demonstrate,9
shutdown,9
i'd,9
actions,9
lawless,9
attacks,9
utter,9
ignore,9
often,9
challenge,9
gone,9
persecution,9
wife,9
postcard,9
major,9
looked,9
grass,9
television,9
voice,9
misery,9
dishes,9
page,9
tear,9
prosecute,9
doctors,9
12,9
interesting,9
cell,9
act,9
blood,9
protected,9
carolina,9
filled,9
worried,9
step,9
already,9
booming,9
isn't,9
beginning,9
less,9
message,9
theocratic,9
worth,9
jihad,9
true,9
action,9
road,9
clarity,9
rhetoric,9
sit,9
listening,9
teaching,9
knew,9
judicial,9
wave,9
committee,9
houston,9
greater,9
sanders,9
twenty,9
generation,9
terms,9
jihadists,9
individual,9
earth,9
litigating,9
they'll,9
rally,9
answer,9
effort,9
corporations,9
income,9
amazing,9
help,9
enforce,9
sell,9
started,9
bed,9
sadly,9
families,9
special,9
affordable,8
lawlessness,8
harvest,8
effectively,8
post,8
we'll,8
hour,8
difficult,8
quote,8
center,8
study,8
prayers,8
result,8
close,8
noticed,8
review,8
becoming,8
key,8
caps,8
hit,8
gang,8
purpose,8
evangelical,8
authority,8
2nd,8
ways,8
shall,8
ve,8
circumstances,8
king,8
hurting,8
nancy,8
netanyahu,8
historic,8
hood,8
paying,8
commit,8
disconnect,8
illegally,8
contrary,8
1980,8
damage,8
30,8
signing,8
19,8
steps,8
schools,8
indicted,8
whose,8
broken,8
preaching,8
shreds,8
agencies,8
brain,8
portable,8
decisions,8
evidence,8
trick,8
evangelicals,8
records,8
completely,8
fed,8
thrilled,8
upon,8
november,8
nuns,8
worship,8
tidal,8
value,8
bust,8
planet,8
allowed,8
thirty,8
pelosi,8
pastors,8
miles,8
aisle,8
tony,8
despite,8
abedini,8
happen,8
profit,8
works,8
bible,8
largest,8
forces,8
here's,8
debates,8
addition,8
address,8
civil,8
steve,8
target,8
frustrated,8
deeper,8
d,8
grandchildren,8
victory,8
embassy,8
group,8
george,8
courage,8
phones,8
image,8
world's,8
refused,8
understanding,8
shouldn't,8
mainstream,8
immediately,8
utterly,8
rules,8
role,8
regulations,8
israelis,8
mandate,8
struggling,8
innovation,8
murdering,8
example,8
admit,8
fourth,8
consider,7
struck,7
cross,7
2014,7
2010,7
california,7
cr,7
doctor,7
roots,7
former,7
morsi,7
chattanooga,7
bunch,7
natural,7
subsidies,7
mean,7
fall,7
designed,7
didn,7
college,7
decades,7
code,7
accept,7
catherine,7
hearts,7
prevent,7
army,7
break,7
full,7
ignored,7
tv,7
proposed,7
grassroots,7
politically,7
encouragement,7
outset,7
couldn't,7
english,7
prepared,7
campaigning,7
lord,7
20,7
washing,7
bigger,7
tired,7
daily,7
international,7
union,7
paid,7
somebody,7
reporting,7
roughly,7
born,7
age,7
speaking,7
innocent,7
continuing,7
openly,7
senior,7
ended,7
11,7
17,7
dozen,7
regardless,7
anniversary,7
lines,7
dynamic,7
leave,7
signed,7
enormous,7
catholic,7
analogy,7
muslim,7
pledge,7
contributions,7
trillion,7
sanctuary,7
computer,7
walk,7
calls,7
fort,7
south,7
focus,7
showed,7
surrenders,7
okay,7
c,7
jerusalem,7
vision,7
social,7
hezbollah,7
limited,7
double,7
increase,7
seek,7
judges,7
however,7
chamber,7
globe,7
k,7
mission,7
acquire,7
flew,7
thousands,7
daughters,7
rule,7
data,7
please,7
unapologetically,7
revolutionary,7
minds,7
washingtondc,7
topple,7
local,7
convinced,7
armed,7
box,7
tied,7
bank,7
pull,7
read,7
staying,7
scared,7
least,7
following,7
seems,7
refuses,7
calling,7
sometimes,7
seeks,7
though,7
premiums,7
commandments,7
wake,7
along,7
fifth,7
clean,7
happy,7
sun,7
lawyer,7
sent,7
hall,6
remembering,6
host,6
corker,6
exhortation,6
carried,6
60,6
nominee,6
lawsuit,6
allow,6
train,6
accountable,6
create,6
minute,6
aside,6
region,6
later,6
spring,6
supporting,6
killed,6
checks,6
moderate,6
enabled,6
sixty,6
targeting,6
capitol,6
despised,6
consent,6
period,6
invited,6
reigniting,6
believes,6
believed,6
governor,6
heidi,6
likes,6
dictator,6
develop,6
respect,6
pledged,6
eric,6
restore,6
28,6
offense,6
jihadist,6
lifted,6
oil,6
criminals,6
1981,6
extended,6
intervention,6
unfortunately,6
visited,6
twice,6
knees,6
seemed,6
handful,6
extraordinary,6
favor,6
approach,6
exceptionalism,6
provide,6
moral,6
citizen,6
central,6
defended,6
december,6
solution,6
shoulder,6
playing,6
abolishing,6
iraqi,6
bankrupt,6
optimism,6
officer,6
export,6
goal,6
represent,6
walks,6
plane,6
actual,6
police,6
administration's,6
jimmy,6
ethanol,6
surprised,6
caucus,6
knock,6
parliamentary,6
shows,6
abroad,6
ought,6
introduced,6
eyed,6
rock,6
sign,6
basic,6
heroes,6
begins,6
gotten,6
harm,6
awakening,6
guy,6
gun,6
denying,6
cruise,6
w,6
spoke,6
clerk,6
identify,6
literally,6
critical,6
text,6
runs,6
neither,6
peace,6
expand,6
dot,6
unless,6
anyway,6
shooting,6
jeff,6
revival,6
europeans,6
haven't,6
bob,6
informed,6
malaise,6
suggested,6
intelligence,6
scares,6
gay,6
poses,6
wisdom,6
feckless,6
alabama,6
list,6
settled,6
appears,6
glenn,6
cents,6
overwhelming,6
sessions,6
details,6
forfeit,6
recorded,6
thrown,6
osama,6
whatsoever,6
flip,6
knows,6
epa,6
keeps,6
tremendous,6
investigations,6
combat,6
suspect,6
losing,6
receded,6
sister,6
proven,6
sweeping,6
unison,6
trump,6
alone,6
determination,6
liberties,6
feel,6
cardin,6
grounds,6
raises,6
apparently,6
recall,6
west,5
particularly,5
violence,5
tortured,5
reagan's,5
tomorrow,5
elites,5
unique,5
handing,5
purple,5
engagement,5
elie,5
meeting,5
concept,5
yeah,5
brave,5
70,5
asking,5
rest,5
received,5
pick,5
anymore,5
captured,5
appeal,5
bind,5
aliens,5
54,5
convince,5
direction,5
memorial,5
base,5
mankind,5
rightly,5
anti,5
practice,5
rip,5
services,5
hide,5
fiscal,5
probably,5
impose,5
surprise,5
jordan,5
session,5
understood,5
beating,5
sounds,5
2011,5
birth,5
christ,5
cochran,5
discuss,5
occurred,5
china,5
ability,5
meet,5
advantage,5
choices,5
driving,5
airmen,5
track,5
desperately,5
built,5
secretary,5
ninety,5
points,5
teacher,5
funded,5
abstract,5
honored,5
follows,5
submit,5
certainly,5
array,5
reports,5
soul,5
16,5
dollar,5
encounter,5
statement,5
judgment,5
colleague,5
violating,5
investigate,5
options,5
deeply,5
jfk,5
carry,5
james,5
attention,5
tehran,5
travels,5
henry,5
drive,5
mitch,5
tedcruz,5
perhaps,5
militant,5
underwear,5
naive,5
inspired,5
stopping,5
visa,5
sorry,5
hopes,5
engaged,5
abandoned,5
libertarians,5
solicitor,5
financier,5
thomas,5
publicly,5
programmer,5
plans,5
headed,5
gathered,5
discovered,5
serving,5
citizenship,5
frustration,5
perform,5
ensure,5
ideology,5
includes,5
longer,5
dramatically,5
2009,5
larger,5
prior,5
unhappy,5
y'all,5
hundreds,5
marine,5
turned,5
pulpit,5
resolve,5
seem,5
passing,5
poverty,5
demand,5
seventies,5
suggesting,5
holding,5
manifestation,5
effect,5
employees,5
blind,5
barring,5
actively,5
arm,5
drove,5
founded,5
6,5
online,5
chants,5
sen,5
commonsense,5
october,5
fair,5
tried,5
nearly,5
explain,5
drugs,5
opposition,5
married,5
spirit,5
kept,5
mocking,5
legs,5
outcome,5
public,5
responded,5
fantastic,5
stayed,5
joined,5
capable,5
carrying,5
challenges,5
welcoming,5
grateful,5
accountability,5
large,5
adult,5
advice,5
typically,5
defeated,5
boss,5
tradition,5
match,5
ready,5
likely,5
director,5
wiesel,5
journalists,5
kerry,5
writing,5
wage,5
economy,5
effective,5
introduce,5
ads,5
efforts,5
balance,5
baby,5
dr,5
7,5
heck,5
sponsor,5
solemn,5
reporter,5
roll,5
boots,5
you'll,5
mubarak,5
3,5
kittens,5
hosted,5
conference,5
success,5
virtual,5
patrick,5
acknowledge,5
essentially,5
experience,5
powers,5
releasing,5
building,5
interested,5
richmond,5
nomination,5
fbi,5
earlier,5
philosophy,4
abyss,4
government's,4
talks,4
collectors,4
seventy,4
cause,4
bulwark,4
context,4
remain,4
placate,4
thanks,4
charge,4
trust,4
spoken,4
coach,4
bottom,4
foundational,4
securing,4
joins,4
requires,4
teenage,4
silence,4
wing,4
backbone,4
red,4
watched,4
amir,4
donald,4
israeli,4
fruits,4
destroying,4
advocating,4
burning,4
firearms,4
nbc,4
wielded,4
hills,4
40,4
gosh,4
2,4
bread,4
results,4
cfpb,4
acts,4
activist,4
activism,4
bargain,4
optimistic,4
doesn,4
upset,4
embraces,4
fast,4
increasingly,4
transformed,4
shy,4
obligation,4
changes,4
none,4
lobby,4
ridiculous,4
observed,4
patriot,4
pointed,4
anybody,4
daylights,4
internet,4
circumstance,4
identical,4
pan,4
sermon,4
farmers,4
protection,4
suggests,4
tape,4
virginia,4
nice,4
jefferson,4
traveled,4
editors,4
miracle,4
god's,4
un,4
encouraging,4
slipping,4
laid,4
moved,4
profoundly,4
daughter,4
teaches,4
skyrocketing,4
detailed,4
shot,4
unleash,4
recruiting,4
burdens,4
nominate,4
preserve,4
retired,4
organs,4
credit,4
airport,4
loyalty,4
loves,4
impact,4
resigned,4
price,4
leavenworth,4
38,4
mischief,4
robust,4
prospering,4
starts,4
area,4
supports,4
thats,4
regulation,4
remaining,4
stimulus,4
francis,4
unwilling,4
socialist,4
uprising,4
apply,4
girl,4
boston,4
correctness,4
procedural,4
june,4
darker,4
supposed,4
football,4
preach,4
several,4
lone,4
suddenly,4
developing,4
crushing,4
oppose,4
blessing,4
focused,4
instance,4
holder,4
doubt,4
alphabet,4
existential,4
committing,4
saturday,4
released,4
treat,4
cost,4
inducing,4
congressional,4
resigning,4
applause,4
r,4
husband,4
indispensable,4
eraser,4
soup,4
abolished,4
5,4
introduction,4
forced,4
abuse,4
abandon,4
remotely,4
industry,4
chronicles,4
easier,4
anywhere,4
reasonable,4
certainty,4
afraid,4
named,4
indefensible,4
reach,4
pope,4
infrastructure,4
billionaire,4
avoid,4
letter,4
consist,4
head,4
form,4
russian,4
becomes,4
write,4
us',4
1,4
absolute,4
usa,4
90,4
event,4
neighbor,4
allegiance,4
opposed,4
waiting,4
knowledge,4
2008,4
millennia,4
jason,4
turnout,4
elect,4
wedding,4
issued,4
sufficient,4
global,4
answered,4
unknown,4
highest,4
walking,4
accused,4
magic,4
district,4
welcomes,4
kurds,4
distant,4
filing,4
fell,4
souls,4
sunshine,4
clarion,4
horrible,4
homicidal,4
ties,4
embodied,4
odds,4
early,4
chipotle,4
monument,4
percentage,4
brother,4
reelected,4
irish,4
sons,4
proposal,4
cash,4
buy,4
rubio,4
pounded,4
found,4
outside,4
active,4
volunteer,4
individuals,4
strategic,4
concerns,4
qaddafi,4
365,4
blame,4
needed,4
donor,4
paris,4
strengthen,4
cbs,4
defund,4
servicemen,4
volcanic,4
argument,4
ones,4
threats,4
substance,4
vast,4
240,4
prosperity,4
court's,4
putting,4
entity,4
prospect,4
advance,4
relate,4
exist,4
tools,4
met,4
ballroom,4
understands,4
push,4
kinda,4
resign,4
newspaper,4
providing,4
secures,4
instances,4
believers,4
hearing,4
teeth,4
flow,4
contrast,4
ongoing,4
require,4
gas,4
hekmati,4
standards,4
charity,4
imposes,4
journey,4
average,4
coin,4
specific,4
bay,4
proposition,4
era,4
provides,4
unelected,4
bringing,4
attempt,4
appeals,4
tip,4
likewise,4
who've,4
boycotted,4
colleagues,4
rescind,4
light,4
tens,4
primarily,4
intended,4
hire,4
bomb,4
reported,4
encouraged,4
abc,4
david,4
consistent,4
contribution,4
hates,4
shared,4
meant,4
penny,4
wages,4
unite,4
berlin,4
grand,4
democracies,4
therapy,4
troops,4
self,4
broke,4
regional,4
confirmed,4
indictment,4
paper,4
causing,4
conduct,4
filed,4
egyptian,4
800,3
waging,3
e,3
elevated,3
argue,3
learned,3
expenditures,3
test,3
plenty,3
door,3
bulk,3
nose,3
looting,3
stuff,3
hadn't,3
reclaim,3
commerce,3
michigan,3
joy,3
release,3
forty,3
country's,3
dealing,3
began,3
project,3
nadal,3
joint,3
jurisdiction,3
ideas,3
intervene,3
rebels,3
influence,3
lawful,3
internal,3
iowans,3
remains,3
wash,3
brotherhood,3
bound,3
clearly,3
defense,3
earn,3
45,3
massive,3
endorse,3
returned,3
edge,3
stopped,3
monday,3
card,3
agreements,3
decisive,3
necessary,3
revenue,3
addressed,3
alternative,3
boat,3
piece,3
examples,3
communicated,3
refugee,3
treaty,3
car,3
hey,3
missile,3
occurring,3
repressive,3
embraced,3
locked,3
ladder,3
marginal,3
appear,3
precious,3
opposing,3
thumb,3
insult,3
black,3
product,3
produce,3
competitors,3
dissenters,3
column,3
valuable,3
murders,3
hired,3
rich,3
unable,3
weaken,3
telling,3
daddy,3
loved,3
youngest,3
august,3
backwards,3
reading,3
persecuted,3
liberals,3
burden,3
unanimous,3
attainable,3
recognize,3
today's,3
23,3
naked,3
producing,3
daring,3
4,3
immigrants,3
worked,3
soviet,3
jurist,3
ticket,3
impossible,3
lifting,3
beat,3
possible,3
strict,3
endure,3
certain,3
lit,3
militants,3
drank,3
tech,3
conflict,3
bought,3
hero,3
definition,3
smarter,3
perfectly,3
beck,3
descended,3
guess,3
affairs,3
everywhere,3
stepping,3
sentenced,3
latin,3
kid,3
chairman,3
judiciary,3
conversation,3
rising,3
facts,3
drag,3
compromise,3
courtesy,3
viewed,3
clock,3
people's,3
weakness,3
forget,3
somewhere,3
jordanian,3
accident,3
y,3
unimaginable,3
type,3
moves,3
keys,3
marco,3
wild,3
march,3
description,3
154,3
nature,3
wish,3
riding,3
therefore,3
europe,3
honoring,3
relentless,3
privacy,3
request,3
radio,3
wicked,3
refuse,3
attend,3
failing,3
unanimously,3
pulled,3
rooms,3
pounds,3
fellow,3
keeping,3
earthquake,3
council,3
sides,3
controlled,3
80,3
caroline,3
leadership's,3
strike,3
noted,3
showboat,3
names,3
accelerate,3
disastrous,3
ammunition,3
fabulous,3
she's,3
truly,3
communist,3
communism,3
competent,3
lasting,3
raising,3
governments,3
followed,3
wilmington,3
campaigned,3
mandates,3
teenager,3
invitation,3
african,3
disapproval,3
contact,3
concrete,3
everyday,3
correct,3
inevitably,3
1st,3
presidency,3
reignited,3
conspiracy,3
baptist,3
appreciate,3
super,3
financial,3
2007,3
abandoning,3
nationwide,3
resting,3
versus,3
bureaucrats,3
bumi,3
chinese,3
widely,3
shake,3
murderous,3
momentum,3
o'neill,3
incentives,3
comply,3
pleased,3
languishing,3
scare,3
helpful,3
entitled,3
fidelity,3
serve,3
peshmerga,3
callously,3
ripped,3
engage,3
basis,3
apologist,3
chemical,3
false,3
ya,3
dark,3
dare,3
movie,3
based,3
materially,3
alexander,3
moms,3
reconciliation,3
eighty,3
seized,3
seizes,3
realistic,3
nowhere,3
offer,3
possibility,3
wondering,3
moments,3
forgive,3
inequality,3
sir,3
dismay,3
levinson,3
moon,3
paul,3
rang,3
died,3
horribly,3
art,3
maintain,3
although,3
unshakable,3
jobless,3
cairo,3
market,3
plus,3
referendum,3
breaking,3
demands,3
republic,3
abadi,3
import,3
directed,3
weeping,3
representing,3
ranchers,3
perspective,3
enterprise,3
partial,3
dictatorships,3
sea,3
terrible,3
execute,3
sworn,3
commanding,3
alter,3
fail,3
1600,3
conventional,3
wow,3
emailed,3
similar,3
quickly,3
implemented,3
biblical,3
fun,3
honest,3
fishing,3
ships,3
ancient,3
vicious,3
pregnant,3
pennsylvania,3
foreshadowing,3
isf,3
awful,3
idaho,3
lower,3
touch,3
students,3
arguing,3
perkins,3
torn,3
heaven,3
directive,3
restrictive,3
fireman,3
inspiring,3
immediate,3
involved,3
failures,3
snuffed,3
cover,3
govern,3
refugees,3
kinds,3
serviceman,3
robert,3
voter,3
grown,3
suggestion,3
refute,3
arrived,3
parallels,3
potential,3
sat,3
enjoy,3
raise,3
blessed,3
promising,3
thirds,3
suspected,3
turns,3
historically,3
nominated,3
ahead,3
seventeen,3
imposed,3
mothers,3
southern,3
charismatic,3
hammer,3
iranians,3
putin's,3
compete,3
views,3
ending,3
bombing,3
ban,3
felony,3
defeating,3
avenue,3
splintered,3
strongman,3
rio,3
aggressive,3
fourteen,3
borrow,3
tough,3
doors,3
sectarian,3
satan,3
glass,3
lutheran,3
demonstration,3
finger,3
ron,3
rod,3
awarded,3
citizenry,3
rough,3
official,3
disprove,3
regard,3
agents,3
fired,3
checked,3
padlock,3
pentagon,3
focusing,3
flash,3
repeating,3
glory,3
article,3
demonstrated,3
neighbors,3
board,3
held,3
visit,3
consists,3
farmer,3
ideals,3
reaction,3
joys,3
abundantly,3
1970s,3
subject,3
coast,3
patriots,3
boycotts,3
surrendered,3
lets,3
caring,3
1979,3
fights,3
typical,3
managed,3
pushing,3
camp,3
statutes,3
accomplish,3
lee,3
admitted,3
tennessee,3
hasn't,2
offers,2
houthis,2
nfl,2
halt,2
1956,2
1957,2
eastern,2
buildings,2
distinguished,2
dismantle,2
assistance,2
objecting,2
dressed,2
educated,2
youth,2
thus,2
deadly,2
maniacs,2
lamborghini,2
enlightened,2
seventh,2
beaten,2
unprecedented,2
amok,2
mojave,2
fray,2
framers,2
directions,2
degree,2
mansion,2
rain,2
jim,2
bounty,2
determined,2
ice,2
allied,2
omnibus,2
venom,2
grade,2
community,2
2012,2
deemed,2
waitress,2
virgins,2
broader,2
actors,2
save,2
edges,2
introducing,2
helping,2
rudimentary,2
humble,2
routinely,2
accelerated,2
iceland,2
kentucky,2
swimming,2
tool,2
deputy,2
joe,2
terrors,2
team's,2
exercise,2
roomies,2
strain,2
purse,2
link,2
islam,2
co,2
embracing,2
astonishing,2
oh,2
batista,2
op,2
fraud,2
retreating,2
czech,2
testimony,2
medicine,2
pushed,2
protections,2
cleric,2
closed,2
progress,2
observe,2
sacrifice,2
lacks,2
conviction,2
eternal,2
undermining,2
ideal,2
bargaining,2
capture,2
takes,2
reset,2
stripping,2
angry,2
iota,2
reciprocate,2
parent,2
hopeful,2
calgary,2
categories,2
bashar,2
rocky,2
describes,2
described,2
filling,2
divided,2
zero,2
bizarre,2
curse,2
concerned,2
water,2
ball,2
72,2
trump's,2
beings,2
flying,2
isolation,2
environmentalist,2
haha,2
risen,2
leaned,2
hobby,2
restrictions,2
48,2
fifteen,2
intentioned,2
successful,2
58,2
low,2
51,2
counties,2
establish,2
cars,2
sixth,2
identified,2
congregation,2
afterwards,2
crude,2
naturally,2
tearing,2
verge,2
information,2
differ,2
hollywood,2
spontaneously,2
flags,2
courts,2
destined,2
filmed,2
smile,2
sticking,2
appointees,2
summer,2
violations,2
treats,2
jokes,2
soon,2
listed,2
forfeiting,2
hospitality,2
generations,2
owners,2
skyrocket,2
inspire,2
cooked,2
simplest,2
authored,2
nominating,2
lots,2
unconditional,2
ceiling,2
blinders,2
fiancee,2
equipment,2
pose,2
africa,2
aggressively,2
tarp,2
consultants,2
previous,2
title,2
vice,2
squishy,2
shameful,2
delaware,2
stated,2
risked,2
command,2
bureaucratic,2
shoes,2
scott,2
battles,2
unified,2
paul's,2
guard,2
peggy,2
corrective,2
heading,2
fresh,2
poured,2
plaats,2
precisely,2
dead,2
dear,2
sales,2
confused,2
theory,2
choose,2
criticism,2
ballot,2
baking,2
senator's,2
crushes,2
crushed,2
rice,2
fans,2
predictable,2
texan,2
inquisition,2
types,2
dozens,2
victims,2
collar,2
pac,2
resources,2
bankruptcy,2
nato,2
entirely,2
chambers,2
justices,2
application,2
bullies,2
cliff,2
meanwhile,2
0,2
participated,2
technicality,2
loses,2
loser,2
fleeing,2
silly,2
eye,2
install,2
adopt,2
events,2
networks,2
bartering,2
relatively,2
guaranteed,2
portion,2
zone,2
whereabouts,2
jails,2
intentions,2
institution,2
crawl,2
fox,2
pretends,2
chain,2
smaller,2
chair,2
locusts,2
behavior,2
humbling,2
connecticut,2
feature,2
thinks,2
volunteers,2
desert,2
29,2
25,2
celebrates,2
newtown,2
armies,2
immoral,2
jerry,2
sipping,2
suffer,2
discussed,2
pursuit,2
argued,2
terrific,2
sovereignty,2
damaging,2
cabinet,2
rainbow,2
speculating,2
separate,2
mike,2
diverse,2
promptly,2
litigation,2
extra,2
expected,2
mother's,2
mine,2
ticked,2
iran's,2
build,2
environment,2
ignorant,2
anwar,2
announces,2
site,2
attorneys,2
pesticide,2
shiite,2
sticker,2
jean,2
privilege,2
defunding,2
hi,2
reside,2
beautiful,2
grandparents,2
hurt,2
non,2
aclu,2
homosexual,2
apologize,2
respectfully,2
adopting,2
wade,2
investigating,2
enable,2
candid,2
phrase,2
nigeria,2
summit,2
pack,2
smiled,2
slowly,2
tuesday,2
bush's,2
warren,2
pursued,2
warriors,2
32,2
learn,2
steady,2
content,2
situation,2
miss,2
degrade,2
towards,2
goods,2
lawyers,2
domination,2
games,2
associate,2
garland,2
agriculture,2
entered,2
draw,2
disregarding,2
belief,2
proclaimed,2
implementing,2
failure,2
discussion,2
misleading,2
sewn,2
misguided,2
differences,2
churches,2
caused,2
marking,2
accomplished,2
strange,2
sacrament,2
expires,2
kills,2
vibrant,2
firm,2
crusades,2
ship,2
immortal,2
calvin,2
experiencing,2
mystical,2
facie,2
isolated,2
muslims,2
carefully,2
benefiting,2
camera,2
pin,2
except,2
entirety,2
fix,2
arab,2
racial,2
dropped,2
minimum,2
resemble,2
trainers,2
goals,2
wheelbarrow,2
puts,2
fathers,2
indicate,2
cuban,2
honorable,2
student,2
buddha,2
authorities,2
draft,2
they'd,2
promote,2
cheek,2
holiness,2
tenure,2
confronts,2
botched,2
bds,2
preemptively,2
adamantly,2
soldier,2
allowing,2
till,2
changing,2
beforehand,2
besmirched,2
location,2
bilious,2
wrongly,2
apartheid,2
similarity,2
sort,2
scale,2
jones,2
violated,2
erased,2
endeavor,2
steals,2
largely,2
invoked,2
cra,2
opinion,2
harvesting,2
sector,2
endangering,2
style,2
coolidge,2
kurdish,2
counting,2
latest,2
losers,2
prove,2
rails,2
arraigned,2
operations,2
enter,2
circuit,2
instructed,2
cheap,2
legally,2
bailouts,2
compliant,2
souter,2
permanent,2
waste,2
attempted,2
century,2
equivalence,2
poland,2
centers,2
math,2
nail,2
scissors,2
rafael,2
unsurprising,2
appeasement,2
jailhouse,2
peril,2
alumnus,2
islamist,2
triumph,2
glad,2
chamberlain,2
paraphrase,2
blizzard,2
heritage,2
dick,2
undermines,2
served,2
serves,2
keystone,2
dictators,2
mark,2
kobani,2
desperate,2
blown,2
opined,2
scalia,2
plant,2
relentlessly,2
mandated,2
substantive,2
heal,2
zealot,2
undercover,2
fore,2
distinguish,2
anchors,2
uses,2
walked,2
walker,2
elderly,2
chin,2
dysfunctional,2
motivate,2
worry,2
he'll,2
rebuke,2
william,2
imprisonment,2
deployed,2
legislate,2
vital,2
arsenic,2
looking,2
malik,2
hanging,2
trapped,2
showing,2
creator,2
passionately,2
blackout,2
aimed,2
prosecutors,2
mistake,2
planes,2
colonel,2
hunting,2
corrupted,2
we'd,2
antonin,2
forgiven,2
alive,2
mailers,2
2001,2
2005,2
secular,2
controlling,2
sends,2
shown,2
vacate,2
dole,2
intention,2
sean,2
workers,2
illegitimate,2
cometh,2
spinning,2
boils,2
italian,2
allegedly,2
depending,2
speakership,2
dodge,2
nilly,2
increasing,2
ouster,2
hair,2
insert,2
vander,2
nutcase,2
tragic,2
maniac,2
atlanta,2
burn,2
pilot,2
sixties,2
reminder,2
appointed,2
popular,2
appoint,2
classic,2
variation,2
dont,2
covered,2
xi,2
incorrect,2
preordained,2
ue,2
ribbed,2
perversion,2
agreed,2
stops,2
vows,2
tooth,2
fairly,2
forcing,2
partner,2
tested,2
passion,2
dwarfs,2
recede,2
lengths,2
worthy,2
research,2
hate,2
devote,2
incentivized,2
searched,2
bowels,2
sees,2
austin,2
welcomed,2
imprisoned,2
insisted,2
storm,2
store,2
20th,2
fundraising,2
gender,2
9,2
obvious,2
objective,2
anytime,2
herculean,2
serious,2
nay,2
bars,2
bridge,2
april,2
claims,2
task,2
extension,2
blank,2
targets,2
afforded,2
foreseeable,2
bridenstine,2
sis,2
manufacturing,2
bench,2
society,2
expense,2
responsibilities,2
produced,2
oath,2
rand,2
remark,2
gallery,2
trusted,2
squander,2
bumper,2
awkward,2
reached,2
tricks,2
brink,2
romney,2
baker,2
breakfast,2
tickets,2
areas,2
congressman,2
campaigns,2
crowded,2
lived,2
granted,2
permissible,2
handed,2
transform,2
arming,2
oppression,2
material,2
google,2
picking,2
beneficial,2
existed,2
predecessor,2
cast,2
civilian,2
rescinded,2
joke,2
workplace,2
evolving,2
played,2
programs,2
ensuring,2
date,2
bother,2
sitting,2
cleveland,2
mistreated,2
equal,2
sunni,2
leads,2
offensive,2
decade,2
unbelievably,2
creating,2
boys,2
sold,2
weekly,2
diagnosing,2
ministry,2
captains,2
erected,2
seeking,2
33733,2
square,2
remarks,2
flouting,2
access,2
germany,2
surreal,2
rung,2
passionate,2
consisted,2
smart,2
thankfully,2
ride,2
expanded,2
munich,2
driver,2
rate,2
medicare,2
negotiate,2
coherent,2
ordinarily,2
rarer,2
dangers,2
reasons,2
advocated,2
300,2
unpleasant,2
assets,2
kate,2
offered,2
willy,2
remove,2
return,2
clay,2
activity,2
regular,2
receive,2
devotes,2
isn,2
billionaires,2
politician,2
film,2
somewhat,2
truck,2
overwhelmingly,2
speculation,2
innocuous,2
coalescing,2
mitt,2
wealthiest,2
centuries,2
homes,2
fixing,2
cook,2
graves,2
inhumanity,2
include,2
officers,2
teenagers,2
laugh,2
reignite,2
positive,2
deny,2
distribute,2
raking,2
sharia,2
peaceful,2
twenties,2
appropriation,2
likelihood,2
goodness,2
kicker,2
series,2
concluding,2
meaningful,2
loudly,2
mouths,2
highlight,2
josh,2
prioritized,2
blazing,2
orders,2
waters,2
roberts,2
fly,2
complied,2
repression,2
complies,2
charities,2
convict,2
presbyterians,2
bigots,2
proof,2
sad,2
voices,2
easily,2
permissibility,2
reflexively,2
obliged,2
targeted,2
assistant,2
confront,2
conquer,2
replace,2
qaida,2
class,2
painful,2
detained,2
regime,2
ordered,2
underscored,2
intent,2
trip,2
agent,2
viable,2
conundrum,2
cuz,2
aware,2
ww1,2
cuts,2
lieberman,2
strangle,2
favored,2
chardonnay,2
england,2
quietly,2
reverse,2
schedule,2
coverage,2
ratification,2
oklahoma,2
facilities,2
champion,2
soleimani,2
reflects,2
promotion,2
approve,2
hatred,2
lack,2
frankly,2
reauthorize,2
responding,2
fiddle,2
afternoon,2
nuts,2
station,2
awlaki,2
humiliate,2
traditional,2
drink,2
equip,2
racked,2
featured,2
costs,2
aren't,2
mired,2
provided,2
provider,2
rezaian,2
whomever,2
dec,2
generosity,2
lab,2
weekend,2
refers,2
roads,2
animosity,2
manifested,2
thriving,2
obscene,2
constitutionalist,2
cutters,2
binding,2
universities,2
hug,2
play,2
deserve,2
essay,2
crises,2
sums,2
crazy,2
tie,2
tim,2
youtube,2
roe,2
journal,2
confirming,2
retreat,2
sponsored,2
authorize,2
tones,2
negotiated,2
lying,2
boot,2
legislative,2
partners,2
add,2
launched,2
rubes,2
blue,2
fence,2
flight,2
deals,2
objectives,2
reserved,2
forgot,2
fdr,2
convictions,2
noonan,2
naghmeh,2
uncanny,2
language,2
hammered,2
organized,2
eve,2
intensely,2
sells,2
1938,2
foundation,2
overseas,2
sins,2
state's,2
due,2
davis,2
terrify,2
tikrit,2
deliberately,2
redemptive,2
onslaught,2
parlance,2
windows,2
hated,2
debts,2
enforcing,2
amendment's,2
grande,2
bricks,2
owner,2
posed,2
blend,2
drafting,2
personally,2
learning,2
laughter,2
tongue,2
panel,2
crowd,2
acres,2
winners,2
simpler,2
achieved,2
jeane,2
holder's,2
astonishingly,2
incentive,2
locust,2
finds,2
reduce,2
combination,2
preemptive,2
indications,2
jeb,2
lcc,2
shattered,2
jet,2
laughingly,2
labeling,2
according,2
ton,2
sinai,2
inconvenience,2
hiding,2
eighties,2
deliberate,2
opening,2
risks,2
starters,2
brian,2
eu,2
terminator,2
robustly,2
assaulted,2
statute,2
socialized,2
legacy,2
prohibition,2
dc's,2
revisionist,2
jews,2
sanctity,2
remarkable,2
trap,2
patted,2
diplomacy,2
staff's,1
maker,1
hiring,1
banks,1
alito,1
alliances,1
lubbock,1
medical,1
engaging,1
killing,1
worst,1
exists,1
terrified,1
massachusetts,1
terrifies,1
presumed,1
represented,1
shaving,1
dilemma,1
handouts,1
rebellion,1
colder,1
website,1
entrepreneurs,1
emp,1
comedian,1
empty,1
shields,1
erdogan,1
volatile,1
boats,1
misty,1
formal,1
format,1
bitter,1
contenders,1
quality,1
colors,1
governor's,1
grossly,1
rail,1
absorb,1
raid,1
diplomatic,1
responders,1
monitor,1
stake,1
loan,1
dependency,1
disappointed,1
complicated,1
adam,1
col,1
cow,1
positions,1
obviously,1
inflame,1
covering,1
overrule,1
pipeline,1
initiatives,1
reconsiders,1
pioneering,1
swahili,1
ostensibly,1
adversary,1
68,1
63,1
65,1
frankel,1
brief,1
thatcher,1
paragraph,1
tendency,1
assaulting,1
administrative,1
2015,1
print,1
rates,1
norms,1
midwest,1
conversion,1
infidels,1
financing,1
feelings,1
disgrace,1
homeschoolers,1
boasted,1
transferred,1
assembling,1
bright,1
micro,1
amanda,1
herbert,1
buyer,1
shift,1
apiece,1
countering,1
confirmation,1
noting,1
stripped,1
raisin,1
eleven,1
lining,1
firmly,1
mass,1
passes,1
mask,1
curtains,1
spirits,1
flies,1
fighters,1
steel,1
lie,1
library,1
caine,1
morale,1
distortions,1
airstrikes,1
hopeless,1
florida's,1
delano,1
holocaust,1
weddings,1
electrical,1
brad,1
taxing,1
cropped,1
recommended,1
mobilizing,1
july,1
nonexistent,1
ambitions,1
funnel,1
pleas,1
ferry,1
crow,1
it'll,1
required,1
harmlessly,1
mold,1
abundant,1
intersection,1
yea,1
effects,1
dressing,1
fatigue,1
orifice,1
forum,1
margaret,1
brighter,1
providential,1
bradley,1
training,1
sexuality,1
delivered,1
twin,1
nike,1
fears,1
group's,1
magnitsky,1
closer,1
bears,1
screams,1
formed,1
characterized,1
companies,1
blatantly,1
regions,1
le,1
charter,1
mobilize,1
lt,1
behaves,1
instant,1
healthy,1
rushed,1
firma,1
fallen,1
skinny,1
hog,1
honda,1
hot,1
environmental,1
stifling,1
personality,1
forgiveness,1
highly,1
crying,1
paragons,1
understandable,1
integrity,1
parental,1
tcr,1
fully,1
hicks,1
actor,1
tahrir,1
confident,1
grid,1
grin,1
unjust,1
undisputed,1
grandmother,1
bestowed,1
seriousness,1
busy,1
whipped,1
auctioning,1
rode,1
ultimately,1
disagree,1
amass,1
phase,1
confidence,1
remind,1
fanatical,1
virtue,1
character,1
finalizing,1
territorial,1
tarpon,1
divides,1
benghazi,1
clerks,1
reid's,1
byrdak,1
stepped,1
fantasy,1
resulted,1
explained,1
expensive,1
severe,1
perpetrators,1
floresta,1
analysis,1
frog,1
screwed,1
cecilia,1
ass,1
praise,1
endangers,1
philippines,1
bale,1
arts,1
74,1
73,1
jenny,1
inquired,1
daunting,1
concern,1
written,1
kickback,1
voluntarily,1
receiver,1
decides,1
ceo,1
yard,1
uprisings,1
adversaries,1
rush,1
analyst,1
supporters,1
conserving,1
grounded,1
exam,1
strengthening,1
duties,1
navy,1
aghast,1
entangling,1
principal,1
coffee,1
campuses,1
killer,1
stone,1
11th,1
rely,1
disability,1
departments,1
earl,1
lightness,1
scourge,1
syed,1
irreparable,1
hailed,1
lookout,1
49,1
44,1
46,1
41,1
42,1
graft,1
investments,1
busting,1
meat,1
frenchmen,1
empowered,1
roles,1
proceeded,1
corner,1
famous,1
rehnquist,1
encountered,1
western,1
rapists,1
mails,1
captures,1
52,1
humanity,1
enables,1
unambiguous,1
anger,1
learners,1
footed,1
tragically,1
network,1
newspapers,1
23rd,1
wives,1
itty,1
connection,1
reportedly,1
assessment,1
wealth,1
victim,1
headlong,1
heroically,1
sarnia,1
disturbingly,1
despises,1
surrendering,1
oblivion,1
graybeards,1
diminished,1
hellholes,1
resignation,1
brothers,1
sensationally,1
canceling,1
deep,1
deer,1
capitalism,1
2500,1
wisecracking,1
totalitarian,1
strangest,1
glance,1
capabilities,1
devout,1
protects,1
laureate,1
mountains,1
truths,1
unusual,1
female,1
freedoms,1
caliphate,1
reduction,1
teams,1
kevin,1
oppressing,1
judeo,1
unimpeded,1
enhance,1
accountants,1
strategies,1
cos,1
va,1
thirteen,1
capability,1
shock,1
cheques,1
skeptical,1
minitel,1
unites,1
hebdo,1
louder,1
chafes,1
unlimited,1
canada,1
9th,1
epithets,1
pickin,1
guide,1
levers,1
igniting,1
hardest,1
roommate,1
teeny,1
educate,1
preaches,1
preacher,1
heavily,1
proclaiming,1
communications,1
hearted,1
discouraged,1
verify,1
memory,1
dragged,1
model,1
improve,1
yay,1
depression,1
usd,1
groaned,1
deck,1
knowledgeable,1
graduating,1
stumbles,1
propose,1
property,1
lesson,1
groundbreaking,1
mullahs,1
abundance,1
bombers,1
relationship,1
recovery,1
travel,1
dawn,1
employ,1
northeast,1
liked,1
successfully,1
strangling,1
preliminary,1
ethnicity,1
vfw,1
domestic,1
horrified,1
unchain,1
dried,1
graham,1
ohio,1
needing,1
kingdom,1
deporting,1
gradual,1
protesters,1
assad's,1
signers,1
cheerful,1
excuses,1
uniting,1
functionally,1
admits,1
buyers,1
ephemera,1
observer,1
maximizes,1
incidents,1
fatigues,1
gray,1
answers,1
overcome,1
pulse,1
meaningless,1
investigated,1
weaker,1
sunrises,1
natives,1
ak,1
aggression,1
videoguard,1
family's,1
surrounded,1
bakery,1
mushroom,1
choosy,1
gwan,1
divide,1
digit,1
summar,1
normal,1
company,1
pitifully,1
email,1
speedy,1
incarcerated,1
looks,1
doubling,1
secretaries,1
curious,1
wrongs,1
40th,1
tireless,1
exploiting,1
rick,1
vigorous,1
444,1
ceremony,1
imperiling,1
constrained,1
cautious,1
eradication,1
favorite,1
fixed,1
surfacing,1
supplies,1
doyle,1
incapable,1
pat,1
pal,1
virulent,1
increased,1
transformational,1
admire,1
original,1
hay,1
uncle,1
shudder,1
energizes,1
tweet,1
belongs,1
enact,1
nationally,1
memorials,1
louis,1
39th,1
captives,1
worsted,1
festering,1
neville,1
videotaped,1
facilitated,1
headlines,1
twelve,1
fios,1
shortly,1
scoop,1
desires,1
shovel,1
priests,1
wartime,1
apprehend,1
opportunistic,1
saved,1
readiness,1
dealer,1
requirements,1
beer,1
triumphant,1
missus,1
corridors,1
greek,1
green,1
nolan,1
frame,1
clapper,1
wa,1
reducing,1
liability,1
democratize,1
jackson,1
luck,1
opportunities,1
menendez,1
sugar,1
fashionable,1
behave,1
hockey,1
cursory,1
added,1
bodies,1
therrien,1
holes,1
boers,1
occasion,1
restoring,1
rigid,1
homegrown,1
dobson,1
jesus',1
pudding,1
collecting,1
dna,1
bibi,1
reminds,1
ramadi,1
greg,1
foe,1
panics,1
who'll,1
churchillian,1
systems,1
mccain,1
1980s,1
batista's,1
relax,1
correctly,1
executing,1
raped,1
jim's,1
24,1
supremacism,1
amazed,1
celebrated,1
opted,1
employment,1
measures,1
schultz,1
expressed,1
labeled,1
ernesto,1
zip,1
thereby,1
complicit,1
knowing,1
incurring,1
alien,1
passengers,1
extending,1
size,1
unseasonable,1
hardworking,1
aired,1
passage,1
subpoenas,1
abuses,1
resurrecting,1
abused,1
shaming,1
911,1
instability,1
discusses,1
fulfill,1
tyrants,1
consumer,1
household,1
leaves,1
scrub,1
associated,1
robison,1
academics,1
strongly,1
christmas,1
conscience,1
boehner's,1
teen,1
ennis,1
vertebrates,1
essence,1
candice,1
overstays,1
alongside,1
tries,1
shutdowns,1
hijackers,1
usair,1
destabilize,1
nominees,1
dictate,1
deptula,1
linear,1
secret,1
deadliest,1
continues,1
wisconsin,1
gravity,1
harvested,1
marriages,1
chilling,1
palladium,1
strengthened,1
stick,1
horse,1
rebel,1
neutralized,1
bully,1
insults,1
investigators,1
haram,1
blocking,1
wolf,1
genuine,1
snow,1
unattainable,1
precipice,1
defying,1
spree,1
religiously,1
commentary,1
shop,1
atrocities,1
shoe,1
powerfully,1
disliked,1
bailout,1
splintering,1
superior,1
soil,1
claim,1
centrifuges,1
secondly,1
compared,1
aye,1
invincible,1
cares,1
asset,1
cared,1
contacts,1
figure,1
bounds,1
jersey,1
space,1
swim,1
requested,1
asymmetric,1
define,1
decrying,1
murderers,1
sailor,1
stealth,1
responsible,1
score,1
windy,1
preventing,1
acceptable,1
amended,1
facilitate,1
ii,1
airman,1
id,1
delve,1
propping,1
mouth,1
pursuing,1
israel's,1
blamed,1
facebook,1
pious,1
preston,1
biden,1
overpriced,1
employer,1
withdraw,1
militias,1
prouder,1
detect,1
consideration,1
epithet,1
pursues,1
firearm,1
flowing,1
35,1
prestonwood,1
resident,1
confessing,1
loving,1
focuses,1
contend,1
weren't,1
stagnant,1
jumped,1
foremost,1
flees,1
register,1
devil's,1
vilified,1
splashed,1
seaboard,1
aren,1
addiction,1
toppling,1
toehold,1
74th,1
chaos,1
speakers,1
gland,1
blunder,1
spread,1
occasional,1
banded,1
displease,1
volume,1
root,1
leaving,1
roof,1
unfortunate,1
universe,1
pleasure,1
cruises,1
entail,1
twentieth,1
delatorre,1
camps,1
interrupted,1
depiction,1
compliantly,1
coldly,1
tradeoff,1
faster,1
problems,1
organizing,1
circumvent,1
greatly,1
collective,1
sack,1
wlan,1
shouted,1
accomplishing,1
townhomes,1
15,1
blasting,1
emotional,1
grimes,1
persecute,1
warring,1
socialism,1
jeopardy,1
pavement,1
expended,1
instructive,1
software,1
investor,1
curriculum,1
populist,1
zealotry,1
curated,1
unrest,1
apple,1
balloting,1
dull,1
duly,1
causes,1
presidents,1
korea,1
demagogued,1
viewers,1
promoting,1
imperfect,1
existent,1
temerity,1
proper,1
officer's,1
kudlow,1
annihilate,1
fit,1
akbar,1
asks,1
rapid,1
drunk,1
stars,1
gaddafi,1
mild,1
ziegler,1
pervaded,1
mill,1
opens,1
saratoga,1
deployment,1
hellhole,1
eleanor,1
teased,1
constituents,1
behalf,1
express,1
1928,1
atlanta's,1
1922,1
boldin,1
suicide,1
intense,1
chop,1
insisting,1
populations,1
porch,1
sucking,1
muzzling,1
shia,1
bono,1
mess,1
unit,1
neftali,1
completing,1
anuzis,1
announce,1
glen,1
abbott,1
awaken,1
cells,1
carol,1
consolidating,1
helicopters,1
opposite,1
affirmation,1
shook,1
pastels,1
stevens,1
preferable,1
sensational,1
egregious,1
olds,1
contacted,1
teachings,1
farooq,1
statutory,1
invasion,1
lawmaking,1
fashioned,1
sheep,1
sheet,1
ado,1
ieds,1
tsunami,1
temperament,1
suggestions,1
gravely,1
ridden,1
tiny,1
karis,1
telegraphs,1
valdez,1
defender,1
2345,1
tables,1
polite,1
amigos,1
operates,1
fitting,1
flowers,1
plots,1
crawling,1
contributed,1
naughty,1
summon,1
socio,1
cent,1
recruits,1
hides,1
neighborhood,1
develops,1
bold,1
tally,1
ma'am,1
editorial,1
radioactive,1
sweetly,1
label,1
fines,1
delay,1
comparison,1
erroneous,1
hotties,1
gather,1
everybody,1
incirlik,1
excuse,1
ph,1
carpet,1
merely,1
whip,1
plotting,1
decrees,1
brennan,1
endorsement,1
hannity,1
evident,1
sway,1
utopia,1
suiting,1
star,1
courthouses,1
francesca,1
assailed,1
arises,1
minister's,1
releases,1
reminding,1
vassal,1
pole,1
stalwart,1
barriers,1
inst,1
eventually,1
perfect,1
escape,1
tweets,1
defined,1
forest,1
soviets,1
entrenched,1
sensitive,1
highlighting,1
ashley,1
approving,1
florist,1
compare,1
savage,1
destruction,1
prices,1
5th,1
resumed,1
eyeballs,1
afford,1
brainer,1
1950s,1
sniffed,1
defeats,1
jack,1
wisely,1
additional,1
agricultural,1
migrant,1
prohibiting,1
agendas,1
treatment,1
possess,1
heartlessly,1
abar,1
carter's,1
screens,1
downing,1
deceptive,1
adherence,1
foursquare,1
interceptor,1
aus,1
survivor,1
testified,1
tribute,1
benefits,1
pollyannish,1
upholding,1
manage,1
mohammed,1
considering,1
successor,1
clarence,1
ques,1
totality,1
legislature,1
greyhound,1
laying,1
fragile,1
otherwise,1
pond,1
desk,1
10th,1
30th,1
outlined,1
unacceptably,1
headquarters,1
claimed,1
cnbc's,1
unacceptable,1
pilita,1
silliness,1
falwell,1
complexity,1
dunkin,1
fond,1
militia,1
na√Øve,1
progressive,1
disabled,1
biometric,1
virtually,1
discoveries,1
lands,1
productivity,1
surely,1
gadhafi,1
arise,1
spill,1
parasites,1
harvests,1
socialists,1
underscores,1
traveling,1
cheat,1
mosul,1
hints,1
faithfully,1
mandating,1
chains,1
zealots,1
vigilance,1
myopic,1
embed,1
facto,1
matt,1
civilians,1
dicey,1
interviewed,1
listens,1
winner,1
recently,1
unemployment,1
diplomat,1
transformative,1
toppled,1
quiet,1
mud,1
spin,1
dunno,1
slowest,1
fold,1
drinking,1
ditch,1
japanese,1
amida,1
dislike,1
oust,1
attended,1
beloved,1
endowment,1
toward,1
benefit,1
1961,1
contrasted,1
speeches,1
praises,1
developer,1
developed,1
islamism,1
flourishing,1
reining,1
approaches,1
ethnic,1
geneva,1
wilson,1
i'ma,1
beta,1
liberalization,1
negotiations,1
unfettered,1
connected,1
unlike,1
soft,1
progression,1
dumbs,1
capstone,1
routines,1
undermined,1
aspire,1
echoes,1
dying,1
seize,1
server,1
edna,1
fax,1
bait,1
absence,1
pork,1
baptized,1
systematically,1
eerily,1
ibm,1
reliving,1
excelling,1
confronted,1
significantly,1
ruth,1
bottlenose,1
deliver,1
alienated,1
picture,1
kadhafi,1
electromagnetic,1
dining,1
redemption,1
bullhorn,1
experiment,1
heat,1
scheduling,1
constructionist,1
outspoken,1
locus,1
flummoxed,1
cyrus,1
specifically,1
kindly,1
versatile,1
insist,1
unalienable,1
ovation,1
somebody's,1
arduous,1
grappling,1
glow,1
threaten,1
recession,1
pearl,1
airplanes,1
saeed's,1
theoretically,1
independence,1
caesar,1
panoply,1
liberator,1
avowed,1
inevitable,1
usb,1
usc,1
maximizing,1
main,1
99,1
97,1
prima,1
repeat,1
wounded,1
soda,1
juror,1
destroyed,1
operating,1
mention,1
franklin,1
plannedparenthood,1
flowering,1
winston,1
elder,1
bake,1
taylor,1
included,1
overnight,1
acquiesce,1
raging,1
reclaiming,1
emboldened,1
episcopal,1
challenging,1
resides,1
garden,1
authoritarian,1
executed,1
recanted,1
brutal,1
brutalized,1
opposes,1
jurists,1
expansion,1
grace,1
offence,1
patrol,1
justified,1
22,1
condemning,1
antonio,1
historical,1
unmoved,1
yessir,1
impressive,1
2003,1
2004,1
corruptions,1
campus,1
inner,1
throw,1
muster,1
saul,1
unraveled,1
silas,1
missionaries,1
potomac,1
silver,1
defecting,1
kirsten,1
epidemic,1
institute,1
trivia,1
published,1
baltics,1
pouring,1
perry,1
kelton,1
replacing,1
prank,1
expanding,1
clinging,1
towers,1
proposes,1
usual,1
redeeming,1
ownership,1
warning,1
transcends,1
chart,1
unequivocally,1
altogether,1
primaries,1
irrelevant,1
ousted,1
staunchly,1
laboring,1
enjoyed,1
speaks,1
establishing,1
regularity,1
gallon,1
lifts,1
bury,1
emails,1
donation,1
reminded,1
undone,1
intellect,1
stance,1
appointee,1
scars,1
ain,1
mennonites,1
aid,1
payroll,1
notion,1
backed,1
ideological,1
prom,1
burns,1
'death,1
agrees,1
jury,1
larry,1
inquisitive,1
videotape,1
creative,1
heroism,1
hidden,1
whaling,1
stool,1
dishwasher,1
mexico,1
exemption,1
dismissive,1
ferocity,1
accurate,1
how's,1
how'd,1
limit,1
feeds,1
markedly,1
liar,1
chicago,1
spots,1
negative,1
interpreting,1
happiness,1
veena,1
report,1
tepid,1
propaganda,1
220,1
harbor,1
difficulty,1
polling,1
faces,1
rotary,1
dependent,1
catholics,1
campaign's,1
throughout,1
mattered,1
prevails,1
thereafter,1
lelaki,1
script,1
mixed,1
truthful,1
elliott,1
apprehended,1
agreement,1
posted,1
tasters,1
foggy,1
announcing,1
makers,1
turnarounds,1
holly,1
eighth,1
uplifting,1
products,1
begun,1
gen,1
weaponization,1
75,1
clobbered,1
flock,1
rationalization,1
1920's,1
languished,1
expert,1
persons,1
pastry,1
junior,1
vladimir,1
talent,1
dealings,1
straight,1
ordain,1
felt,1
uniform,1
bart,1
bark,1
cornyn,1
bones,1
kick,1
graduation,1
constantly,1
tash,1
humanitarian,1
200,1
aspect,1
eighths,1
loaves,1
economist,1
gazer,1
curry,1
sick,1
sin,1
demonizes,1
liberate,1
tremendously,1
industries,1
alleged,1
dismal,1
worsening,1
biofuels,1
toomey,1
tweeting,1
entry,1
astonishment,1
liberalisation,1
gore,1
evolution,1
hostile,1
knives,1
unnoticed,1
thundered,1
wouldn't,1
landed,1
catering,1
drew's,1
dif,1
reopen,1
manufacturers,1
equipping,1
oral,1
county,1
limits,1
braves,1
interview,1
exceptional,1
crowds,1
survived,1
saving,1
bleach,1
hence,1
hampshire's,1
intruded,1
emblematic,1
slow,1
dunleavy,1
ninth,1
enriched,1
unshakably,1
pollsters,1
benevolent,1
embolden,1
he'd,1
launch,1
circles,1
places,1
paroxysms,1
nightly,1
farm,1
flea,1
fled,1
flee,1
statements,1
reforms,1
gift,1
authoring,1
liquid,1
beheaded,1
hosting,1
kicks,1
canceled,1
chrome,1
switch,1
regulated,1
posing,1
mommy,1
anna,1
beleaguered,1
bailing,1
ordering,1
1801,1
troubled,1
ratchet,1
obligations,1
meaning,1
inauguration,1
connects,1
ain't,1
vigorously,1
figures,1
attempts,1
quit,1
submitted,1
lacking,1
culture,1
palazzo,1
turning,1
jv,1
scotland,1
benjamin,1
unwavering,1
freedomworks,1
appearing,1
sanitized,1
facially,1
military's,1
bus,1
creates,1
lawn,1
insistence,1
sacred,1
player,1
perceived,1
namecalling,1
reflecting,1
turkey,1
desirable,1
bedding,1
reveals,1
guards,1
hello,1
illusory,1
invaded,1
1960s,1
graduated,1
hole,1
holy,1
haider,1
rationalize,1
weak,1
kalamazoo,1
whiteboard,1
unopposed,1
notification,1
weekend's,1
forcibly,1
outright,1
considerable,1
underlying,1
dreams,1
unattended,1
playbook,1
kidnapped,1
rare,1
forming,1
blog,1
audience,1
unbelievable,1
displayed,1
sole,1
collection,1
claiming,1
1776,1
1777,1
1775,1
basketball,1
fortunes,1
complex,1
crc,1
lingering,1
libya's,1
landslides,1
advancing,1
gillibrand,1
surveillance,1
shirt,1
terrain,1
shame,1
pocket,1
milder,1
demanded,1
absent,1
bureau,1
spokesman,1
predecessors,1
lies,1
arose,1
unmitigated,1
08,1
scout,1
newsweek,1
atheist,1
heavy,1
settle,1
endorsed,1
opaque,1
veteran,1
investment,1
authentic,1
bleedin,1
kaelin,1
detached,1
cousin,1
yield,1
aborted,1
offices,1
bosses,1
besides,1
notably,1
france,1
turnaround,1
closest,1
inexplicably,1
474,1
drives,1
thunder,1
clarifying,1
driven,1
celebrating,1
texans,1
fake,1
nouri,1
continued,1
holds,1
singled,1
apologizing,1
mushroomed,1
reduced,1
profiling,1
saddam,1
pale,1
betty,1
median,1
shred,1
capitals,1
consensus,1
that'll,1
pedestal,1
cooperating,1
factor,1
profile,1
labels,1
cynical,1
reauthorizing,1
shane's,1
uncertain,1
precondition,1
betray,1
wolves,1
shell,1
touching,1
energize,1
collapsed,1
outsider,1
respond,1
observing,1
ferocious,1
ratify,1
cromnibus,1
devoted,1
scorpion,1
sustained,1
vitally,1
terra,1
fable,1
silent,1
puppet,1
eighteen,1
silenced,1
giveaways,1
unsustainable,1
quotes,1
brings,1
awol,1
batteries,1
distinction,1
dime,1
selective,1
advocate,1
shirley's,1
codified,1
testament,1
meetings,1
atlantic,1
granite,1
washed,1
pressing,1
seats,1
fireplace,1
alright,1
toughest,1
broad,1
nobel,1
kadafi,1
fiercely,1
aging,1
oppressive,1
sometime,1
bough,1
revenues,1
staunch,1
clothes,1
pbs,1
dual,1
lays,1
executions,1
pravda,1
loss,1
loyalists,1
comeback,1
rolled,1
realizes,1
proposals,1
lockerbie,1
pinnacles,1
emulate,1
thread,1
defends,1
islamics,1
gooey,1
fury,1
pesh,1
discomfiture,1
pulls,1
lovers,1
dramatic,1
crafts,1
merga,1
partiers,1
nasty,1
likud,1
crater,1
sweetheart,1
paves,1
receding,1
covert,1
delicate,1
flag,1
younger,1
robertson,1
kicked,1
february,1
tights,1
wondered,1
expend,1
dish,1
architect,1
carpenter,1
peripheral,1
rabbis,1
entitlement,1
imagined,1
chanted,1
observation,1
sharing,1
winter,1
judge,1
posture,1
episode,1
comp,1
michael,1
sets,1
paths,1
jose,1
depth,1
admitting,1
productively,1
seamless,1
ticking,1
controls,1
override,1
pinprick,1
faithful,1
incredibly,1
rallies,1
invented,1
apology,1
science,1
dichotomy,1
initiating,1
illusions,1
nevada,1
obey,1
antagonistic,1
undergraduate,1
epa's,1
episodes,1
destructive,1
convention,1
merits,1
smoking,1
radicalization,1
funneled,1
martyrdom,1
distinguishing,1
warrior,1
backs,1
established,1
counterterrorism,1
gentleman,1
parenthood's,1
discover,1
stock,1
ordained,1
taught,1
dumb,1
exempt,1
precinct,1
treated,1
phil,1
finishing,1
mediterranean,1
capacity,1
uncompromising,1
cute,1
commits,1
uranium,1
geopolitical,1
suit,1
beset,1
unclear,1
farms,1
legislatures,1
dovetails,1
attends,1
visas,1
annis,1
british,1
metric,1
appointments,1
broadening,1
members',1
1991,1
returning,1
guarded,1
threshold,1
abandons,1
vulnerable,1
firing,1
background,1
gravy,1
arrangement,1
terminated,1
grave,1
tyranny,1
branch,1
ugly,1
idealism,1
emerged,1
apologies,1
husbands,1
ignoring,1
pakistan,1
concerted,1
blackmun,1
requisite,1
jewish,1
jam,1
summarize,1
briefing,1
reads,1
podium,1
broadly,1
impasse,1
fancy,1
incumbent,1
blocks,1
acute,1
arrival,1
gravelly,1
perception,1
commands,1
offering,1
catch,1
primus,1
accepting,1
differently,1
displaced,1
resin,1
invite,1
plot,1
hostage,1
territory,1
rating,1
vocally,1
engine,1
landscape,1
juice,1
brutally,1
assist,1
twp,1
funny,1
lunch,1
deliberation,1
telegraph's,1
lightly,1
organize,1
separates,1
reaching,1
manifest,1
stink,1
conservatism,1
fortitude,1
justification,1
obtain,1
columbus,1
string,1
corning,1
alcoholics,1
relief,1
charlie,1
crucified,1
purported,1
father's,1
split,1
halls,1
sponsoring,1
confession,1
guilty,1
holidays,1
venting,1
anomalies,1
iowa's,1
pockets,1
lay,1
infiltration,1
paralyzed,1
dreamer,1
unequivocal,1
violation,1
professionalism,1
cutting,1
screen,1
russia's,1
pundit,1
yall,1
rink,1
wrung,1
option,1
banar,1
masters,1
remained,1
resurgent,1
hosni,1
kelly,1
apples,1
exemplary,1
walls,1
cloning,1
unify,1
hits,1
amount,1
deterrent,1
inequalities,1
row,1
marketplace,1
transitional,1
client,1
papers,1
rocket,1
grotesque,1
squandered,1
hasan,1
depends,1
carved,1
integral,1
profitable,1
beards,1
warrants,1
criticizing,1
merry,1
chlorine,1
equally,1
sites,1
criticized,1
talismanic,1
blur,1
decent,1
blum,1
yearnings,1
160,1
travelled,1
elegant,1
shackled,1
grime,1
libby,1
sale,1
salt,1
signs,1
yelled,1
dynamics,1
teach,1
wasteful,1
de,1
fallujah,1
perpetuity,1
kiss,1
howard,1
impression,1
fifties,1
specter,1
thankful,1
orchard,1
constructed,1
sisi,1
atmosphere,1
determining,1
defector,1
commemorated,1
visitors,1
playin,1
duty,1
inviting,1
freezing,1
wrists,1
presumptions,1
hamstrings,1
charming,1
slows,1
parochial,1
food,1
shouldered,1
genesis,1
rational,1
1933,1
would've,1
desire,1
unleashed,1
buyout,1
depreciation,1
proved,1
swept,1
athens,1
demonstrates,1
flabbergasted,1
moammar,1
humiliating,1
malaki,1
exciting,1
knife,1
violates,1
defining,1
roosevelt,1
dooms,1
jeopardizes,1
righteousness,1
regularly,1
suspects,1
evade,1
looters,1
unmistakable,1
torture,1
willingness,1
greatness,1
hell,1
enriches,1
cousins,1
epic,1
prompted,1
retailers,1
chairing,1
eritrean,1
braces,1
exit,1
realities,1
necessarily,1
owned,1
pundits,1
squared,1
deadbeat,1
hispanic,1
deranged,1
sophisticated,1
frozen,1
declaration,1
unspeakable,1
tacitly,1
workplaces,1
devil,1
finished,1
tayyip,1
variable,1
presumption,1
supportive,1
fellows,1
uphold,1
kerry's,1
applied,1
icbm,1
boko,1
unity,1
tripling,1
grant,1
universal,1
clearing,1
denied,1
rewrote,1
statues,1
maliki,1
donuts,1
lolium,1
she'd,1
counsel,1
democratization,1
deport,1
rubio's,1
reverses,1
short,1
hussein,1
patient,1
grandfather,1
insensitive,1
descending,1
agreeing,1
kenya,1
exponentially,1
transaction,1
aircraft,1
gifts,1
decreased,1
determine,1
megan,1
filibuster,1
bet,1
joseph,1
extend,1
rap,1
ram,1
photo,1
nonviolent,1
berets,1
dads,1
enhanced,1
paint,1
achieving,1
grabbed,1
magically,1
estates,1
feed,1
tourney,1
dangling,1
ex,1
aspiring,1
wrist,1
el,1
ed,1
frustrating,1
lessen,1
queen,1
topic,1
mustered,1
overrun,1
fat,1
route,1
existence,1
bravery,1
103,1
102,1
pieces,1
pulling,1
upright,1
foxholes,1
painting,1
ceases,1
resend,1
undo,1
exploit,1
reward,1
starting,1
influences,1
freeing,1
defensive,1
compatible,1
deploying,1
pretend,1
gasoline,1
leg,1
joblessness,1
ephemeral,1
opened,1
rage,1
cloud,1
blanks,1
absurdly,1
redouble,1
speechless,1
sleep,1
confusing,1
guise,1
alaska,1
stream,1
joining,1
